channel,voltage_uV
Fp1,34.83570765056163
Fp2,3.086784941440767
O1,42.38442690503462
O2,86.15149282040127
