channel,Delta,Theta,Alpha,Beta,Gamma
Fp1,92.97539875829992,92.97589129152459,147.37638446522175,123.02304187458726,85.91576842195144
Fp2,116.27680130757894,86.09746921562613,86.0281073928923,107.25886814698103,42.601592660266064
O1,48.252465024609016,83.13137412277082,119.61506638996728,109.42741997785822,72.75927773436368
O2,57.63088895994125,143.96946306764661,143.22671098540394,102.02584614063771,57.257554413596296
